hour,lgbm_base,lgbm_ttf,naive_week,naive_day
0,12.0,11.18,26.26,19.51
1,11.54,11.04,25.5,18.93
2,11.03,10.58,25.42,18.7
3,11.12,10.57,25.16,18.63
4,11.06,10.39,25.83,19.06
5,11.2,9.99,26.65,19.94
6,13.2,11.73,30.48,26.8
7,17.07,14.66,36.34,34.81
8,17.48,15.21,37.44,36.75
9,15.07,14.12,37.32,34.79
10,17.99,17.13,39.22,33.37
11,18.05,17.6,41.43,33.85
12,19.15,18.81,42.72,35.05
13,20.0,19.93,45.32,36.94
14,20.44,20.41,46.71,36.46
15,19.18,18.38,45.99,34.3
16,19.17,18.21,46.26,34.29
17,19.11,17.87,46.61,33.7
18,19.87,17.51,44.54,33.1
19,22.24,19.78,51.75,40.93
20,20.81,18.89,47.77,39.22
21,16.98,15.23,37.66,29.1
22,13.71,12.1,27.45,20.26
23,12.0,10.63,24.37,17.68
